pedido_id,fecha_pedido,estado_pedido,monto_pedido,cliente_id,cliente_nombre,restaurante_id,restaurante_nombre,restaurante_estado,plato_nombre,cantidad,cantidad_vasos,cantidad_platos,cantidad_cubiertos,cantidad_recipiente,total_envases,tipo_transporte,distancia_km,ahorro_co2_transporte_g,ahorro_co2_recipientes_g,ahorro_total_co2_g
ped0001,2026-08-03,completado,16000.0,u3333333-3333-3333-3333-444444444444,Mateo Gómez,rest3333-3333-3333-3333-333333333333,Eco Burger Palermo,activo,Veggie Burger Premium,1,0,1,1,1,3,Bicicleta,1.5,0.0,100.0,100.0
ped0002,2026-08-04,completado,12500.0,u3333333-3333-3333-3333-555555555555,Lucía Fernández,rest1111-1111-1111-1111-111111111111,Pizzería Verde Colegiales,activo,Pizza Vegana Muzzarella,1,0,1,0,1,2,Moto Eléctrica,1.5,0.0,50.0,50.0
ped0003,2026-08-05,completado,18000.0,u3333333-3333-3333-3333-555555555555,Lucía Fernández,rest2222-2222-2222-2222-222222222222,Sushi Bio Chacarita,activo,Rolls Eco Combo (15 pzas),1,1,1,2,1,5,Bicicleta,1.5,0.0,200.0,200.0
ped0004,2026-08-05,completado,16000.0,u3333333-3333-3333-3333-777777777777,Sofía Benítez,rest3333-3333-3333-3333-333333333333,Eco Burger Palermo,activo,Veggie Burger Premium,1,0,1,1,1,3,Bicicleta,1.5,0.0,100.0,100.0
ped0005,2026-08-06,completado,16000.0,u3333333-3333-3333-3333-555555555555,Lucía Fernández,rest3333-3333-3333-3333-333333333333,Eco Burger Palermo,activo,Veggie Burger Premium,1,0,1,1,1,3,Bicicleta eléctrica,1.5,0.0,100.0,100.0
ped0006,2026-08-07,completado,16000.0,u3333333-3333-3333-3333-444444444444,Mateo Gómez,rest3333-3333-3333-3333-333333333333,Eco Burger Palermo,activo,Veggie Burger Premium,1,0,1,1,1,3,Moto Eléctrica,1.5,0.0,100.0,100.0
ped0007,2026-08-08,completado,18000.0,u3333333-3333-3333-3333-333333333333,Carmen Díaz,rest2222-2222-2222-2222-222222222222,Sushi Bio Chacarita,activo,Rolls Eco Combo (15 pzas),1,1,1,2,1,5,Bicicleta,1.5,0.0,200.0,200.0
ped0008,2026-08-09,completado,12500.0,u3333333-3333-3333-3333-777777777777,Sofía Benítez,rest5555-5555-5555-5555-555555555555,Planta Alta Bio,activo,Ensalada Proteica Bio,1,1,1,1,1,4,Moto Eléctrica,1.5,0.0,150.0,150.0
ped0009,2026-08-09,completado,16000.0,u3333333-3333-3333-3333-444444444444,Mateo Gómez,rest3333-3333-3333-3333-333333333333,Eco Burger Palermo,activo,Veggie Burger Premium,1,0,1,1,1,3,Bicicleta,1.5,0.0,100.0,100.0
ped0010,2026-08-10,completado,18000.0,u3333333-3333-3333-3333-444444444444,Mateo Gómez,rest2222-2222-2222-2222-222222222222,Sushi Bio Chacarita,activo,Rolls Eco Combo (15 pzas),1,1,1,2,1,5,Bicicleta,1.5,0.0,200.0,200.0
ped0011,2026-08-11,completado,18000.0,u3333333-3333-3333-3333-777777777777,Sofía Benítez,rest2222-2222-2222-2222-222222222222,Sushi Bio Chacarita,activo,Rolls Eco Combo (15 pzas),1,1,1,2,1,5,Bicicleta,1.5,0.0,200.0,200.0
ped0012,2026-08-12,completado,16000.0,u3333333-3333-3333-3333-444444444444,Mateo Gómez,rest3333-3333-3333-3333-333333333333,Eco Burger Palermo,activo,Veggie Burger Premium,1,0,1,1,1,3,Moto Eléctrica,1.5,0.0,100.0,100.0
ped0013,2026-08-13,completado,18000.0,u3333333-3333-3333-3333-555555555555,Lucía Fernández,rest2222-2222-2222-2222-222222222222,Sushi Bio Chacarita,activo,Rolls Eco Combo (15 pzas),1,1,1,2,1,5,Moto Eléctrica,1.5,0.0,200.0,200.0
ped0014,2026-08-13,completado,12500.0,u3333333-3333-3333-3333-666666666666,Santiago Rossi,rest5555-5555-5555-5555-555555555555,Planta Alta Bio,activo,Ensalada Proteica Bio,1,1,1,1,1,4,Bicicleta,1.5,0.0,150.0,150.0
ped0015,2026-08-14,completado,14000.0,u3333333-3333-3333-3333-666666666666,Santiago Rossi,rest4444-4444-4444-4444-444444444444,Green Bowl Belgrano,activo,Poke Bowl Vegano,1,0,1,1,1,3,Bicicleta,1.5,0.0,100.0,100.0
ped0016,2026-08-15,completado,16000.0,u3333333-3333-3333-3333-444444444444,Mateo Gómez,rest3333-3333-3333-3333-333333333333,Eco Burger Palermo,activo,Veggie Burger Premium,1,0,1,1,1,3,Bicicleta,1.5,0.0,100.0,100.0
ped0017,2026-08-16,completado,16000.0,u3333333-3333-3333-3333-666666666666,Santiago Rossi,rest3333-3333-3333-3333-333333333333,Eco Burger Palermo,activo,Veggie Burger Premium,1,0,1,1,1,3,Bicicleta,1.5,0.0,100.0,100.0
ped0018,2026-08-17,completado,14000.0,u3333333-3333-3333-3333-555555555555,Lucía Fernández,rest4444-4444-4444-4444-444444444444,Green Bowl Belgrano,activo,Poke Bowl Vegano,1,0,1,1,1,3,Bicicleta eléctrica,1.5,0.0,100.0,100.0
ped0019,2026-08-17,completado,14000.0,u3333333-3333-3333-3333-333333333333,Carmen Díaz,rest4444-4444-4444-4444-444444444444,Green Bowl Belgrano,activo,Poke Bowl Vegano,1,0,1,1,1,3,Bicicleta,1.5,0.0,100.0,100.0
ped0020,2026-08-18,completado,18000.0,u3333333-3333-3333-3333-666666666666,Santiago Rossi,rest2222-2222-2222-2222-222222222222,Sushi Bio Chacarita,activo,Rolls Eco Combo (15 pzas),1,1,1,2,1,5,Bicicleta,1.5,0.0,200.0,200.0
ped0021,2026-08-19,completado,16000.0,u3333333-3333-3333-3333-444444444444,Mateo Gómez,rest3333-3333-3333-3333-333333333333,Eco Burger Palermo,activo,Veggie Burger Premium,1,0,1,1,1,3,Bicicleta,1.5,0.0,100.0,100.0
ped0022,2026-08-20,completado,18000.0,u3333333-3333-3333-3333-666666666666,Santiago Rossi,rest2222-2222-2222-2222-222222222222,Sushi Bio Chacarita,activo,Rolls Eco Combo (15 pzas),1,1,1,2,1,5,Auto Eléctrico,1.5,0.0,200.0,200.0
ped0023,2026-08-21,completado,14000.0,u3333333-3333-3333-3333-444444444444,Mateo Gómez,rest4444-4444-4444-4444-444444444444,Green Bowl Belgrano,activo,Poke Bowl Vegano,1,0,1,1,1,3,Bicicleta eléctrica,1.5,0.0,100.0,100.0
ped0024,2026-08-21,completado,18000.0,u3333333-3333-3333-3333-666666666666,Santiago Rossi,rest2222-2222-2222-2222-222222222222,Sushi Bio Chacarita,activo,Rolls Eco Combo (15 pzas),1,1,1,2,1,5,Bicicleta eléctrica,1.5,0.0,200.0,200.0
ped0025,2026-08-22,completado,14000.0,u3333333-3333-3333-3333-777777777777,Sofía Benítez,rest4444-4444-4444-4444-444444444444,Green Bowl Belgrano,activo,Poke Bowl Vegano,1,0,1,1,1,3,Bicicleta eléctrica,1.5,0.0,100.0,100.0
ped0026,2026-08-23,completado,18000.0,u3333333-3333-3333-3333-444444444444,Mateo Gómez,rest2222-2222-2222-2222-222222222222,Sushi Bio Chacarita,activo,Rolls Eco Combo (15 pzas),1,1,1,2,1,5,Auto Eléctrico,1.5,0.0,200.0,200.0
ped0027,2026-08-24,completado,12500.0,u3333333-3333-3333-3333-777777777777,Sofía Benítez,rest1111-1111-1111-1111-111111111111,Pizzería Verde Colegiales,activo,Pizza Vegana Muzzarella,1,0,1,0,1,2,Bicicleta eléctrica,1.5,0.0,50.0,50.0
ped0028,2026-08-25,completado,12500.0,u3333333-3333-3333-3333-333333333333,Carmen Díaz,rest1111-1111-1111-1111-111111111111,Pizzería Verde Colegiales,activo,Pizza Vegana Muzzarella,1,0,1,0,1,2,Bicicleta,1.5,0.0,50.0,50.0
ped0029,2026-08-25,completado,16000.0,u3333333-3333-3333-3333-333333333333,Carmen Díaz,rest3333-3333-3333-3333-333333333333,Eco Burger Palermo,activo,Veggie Burger Premium,1,0,1,1,1,3,Bicicleta,1.5,0.0,100.0,100.0
ped0030,2026-08-26,completado,12500.0,u3333333-3333-3333-3333-444444444444,Mateo Gómez,rest5555-5555-5555-5555-555555555555,Planta Alta Bio,activo,Ensalada Proteica Bio,1,1,1,1,1,4,Bicicleta,1.5,0.0,150.0,150.0
ped0031,2026-08-27,completado,14000.0,u3333333-3333-3333-3333-444444444444,Mateo Gómez,rest4444-4444-4444-4444-444444444444,Green Bowl Belgrano,activo,Poke Bowl Vegano,1,0,1,1,1,3,Bicicleta,1.5,0.0,100.0,100.0
ped0032,2026-08-28,completado,12500.0,u3333333-3333-3333-3333-333333333333,Carmen Díaz,rest1111-1111-1111-1111-111111111111,Pizzería Verde Colegiales,activo,Pizza Vegana Muzzarella,1,0,1,0,1,2,Bicicleta,1.5,0.0,50.0,50.0
ped0033,2026-08-29,completado,18000.0,u3333333-3333-3333-3333-444444444444,Mateo Gómez,rest2222-2222-2222-2222-222222222222,Sushi Bio Chacarita,activo,Rolls Eco Combo (15 pzas),1,1,1,2,1,5,Bicicleta,1.5,0.0,200.0,200.0
ped0034,2026-08-29,completado,12500.0,u3333333-3333-3333-3333-555555555555,Lucía Fernández,rest1111-1111-1111-1111-111111111111,Pizzería Verde Colegiales,activo,Pizza Vegana Muzzarella,1,0,1,0,1,2,Moto Eléctrica,1.5,0.0,50.0,50.0
ped0035,2026-08-30,completado,18000.0,u3333333-3333-3333-3333-444444444444,Mateo Gómez,rest2222-2222-2222-2222-222222222222,Sushi Bio Chacarita,activo,Rolls Eco Combo (15 pzas),1,1,1,2,1,5,Bicicleta eléctrica,1.5,0.0,200.0,200.0
ped0036,2026-08-31,completado,12500.0,u3333333-3333-3333-3333-555555555555,Lucía Fernández,rest1111-1111-1111-1111-111111111111,Pizzería Verde Colegiales,activo,Pizza Vegana Muzzarella,1,0,1,0,1,2,Bicicleta eléctrica,1.5,0.0,50.0,50.0
ped0037,2026-09-01,completado,12500.0,u3333333-3333-3333-3333-666666666666,Santiago Rossi,rest5555-5555-5555-5555-555555555555,Planta Alta Bio,activo,Ensalada Proteica Bio,1,1,1,1,1,4,Bicicleta eléctrica,1.5,0.0,150.0,150.0
ped0038,2026-09-02,completado,12500.0,u3333333-3333-3333-3333-444444444444,Mateo Gómez,rest5555-5555-5555-5555-555555555555,Planta Alta Bio,activo,Ensalada Proteica Bio,1,1,1,1,1,4,Bicicleta,1.5,0.0,150.0,150.0
ped0039,2026-09-02,completado,14000.0,u3333333-3333-3333-3333-444444444444,Mateo Gómez,rest4444-4444-4444-4444-444444444444,Green Bowl Belgrano,activo,Poke Bowl Vegano,1,0,1,1,1,3,Bicicleta,1.5,0.0,100.0,100.0
ped0040,2026-09-03,completado,18000.0,u3333333-3333-3333-3333-333333333333,Carmen Díaz,rest2222-2222-2222-2222-222222222222,Sushi Bio Chacarita,activo,Rolls Eco Combo (15 pzas),1,1,1,2,1,5,Bicicleta,1.5,0.0,200.0,200.0
ped0041,2026-09-04,completado,14000.0,u3333333-3333-3333-3333-333333333333,Carmen Díaz,rest4444-4444-4444-4444-444444444444,Green Bowl Belgrano,activo,Poke Bowl Vegano,1,0,1,1,1,3,Bicicleta eléctrica,1.5,0.0,100.0,100.0
ped0042,2026-09-05,completado,12500.0,u3333333-3333-3333-3333-777777777777,Sofía Benítez,rest1111-1111-1111-1111-111111111111,Pizzería Verde Colegiales,activo,Pizza Vegana Muzzarella,1,0,1,0,1,2,Bicicleta,1.5,0.0,50.0,50.0
ped0043,2026-09-06,completado,12500.0,u3333333-3333-3333-3333-333333333333,Carmen Díaz,rest5555-5555-5555-5555-555555555555,Planta Alta Bio,activo,Ensalada Proteica Bio,1,1,1,1,1,4,Bicicleta,1.5,0.0,150.0,150.0
ped0044,2026-09-07,completado,12500.0,u3333333-3333-3333-3333-444444444444,Mateo Gómez,rest1111-1111-1111-1111-111111111111,Pizzería Verde Colegiales,activo,Pizza Vegana Muzzarella,1,0,1,0,1,2,Bicicleta,1.5,0.0,50.0,50.0
ped0045,2026-09-07,completado,12500.0,u3333333-3333-3333-3333-666666666666,Santiago Rossi,rest1111-1111-1111-1111-111111111111,Pizzería Verde Colegiales,activo,Pizza Vegana Muzzarella,1,0,1,0,1,2,Bicicleta,1.5,0.0,50.0,50.0
ped0046,2026-09-08,completado,12500.0,u3333333-3333-3333-3333-777777777777,Sofía Benítez,rest5555-5555-5555-5555-555555555555,Planta Alta Bio,activo,Ensalada Proteica Bio,1,1,1,1,1,4,Bicicleta,1.5,0.0,150.0,150.0
ped0047,2026-09-09,completado,14000.0,u3333333-3333-3333-3333-777777777777,Sofía Benítez,rest4444-4444-4444-4444-444444444444,Green Bowl Belgrano,activo,Poke Bowl Vegano,1,0,1,1,1,3,Bicicleta,1.5,0.0,100.0,100.0
ped0048,2026-09-10,completado,14000.0,u3333333-3333-3333-3333-666666666666,Santiago Rossi,rest4444-4444-4444-4444-444444444444,Green Bowl Belgrano,activo,Poke Bowl Vegano,1,0,1,1,1,3,Bicicleta,1.5,0.0,100.0,100.0
ped0049,2026-09-10,completado,12500.0,u3333333-3333-3333-3333-333333333333,Carmen Díaz,rest1111-1111-1111-1111-111111111111,Pizzería Verde Colegiales,activo,Pizza Vegana Muzzarella,1,0,1,0,1,2,Bicicleta,1.5,0.0,50.0,50.0
ped0050,2026-09-11,completado,14000.0,u3333333-3333-3333-3333-555555555555,Lucía Fernández,rest4444-4444-4444-4444-444444444444,Green Bowl Belgrano,activo,Poke Bowl Vegano,1,0,1,1,1,3,Bicicleta,1.5,0.0,100.0,100.0
ped0051,2026-09-12,completado,18000.0,u3333333-3333-3333-3333-777777777777,Sofía Benítez,rest2222-2222-2222-2222-222222222222,Sushi Bio Chacarita,activo,Rolls Eco Combo (15 pzas),1,1,1,2,1,5,Bicicleta,1.5,0.0,200.0,200.0
ped0052,2026-09-13,completado,16000.0,u3333333-3333-3333-3333-777777777777,Sofía Benítez,rest3333-3333-3333-3333-333333333333,Eco Burger Palermo,activo,Veggie Burger Premium,1,0,1,1,1,3,Auto Eléctrico,1.5,0.0,100.0,100.0
ped0053,2026-09-14,completado,12500.0,u3333333-3333-3333-3333-333333333333,Carmen Díaz,rest1111-1111-1111-1111-111111111111,Pizzería Verde Colegiales,activo,Pizza Vegana Muzzarella,1,0,1,0,1,2,Bicicleta,1.5,0.0,50.0,50.0
ped0054,2026-09-15,completado,12500.0,u3333333-3333-3333-3333-333333333333,Carmen Díaz,rest1111-1111-1111-1111-111111111111,Pizzería Verde Colegiales,activo,Pizza Vegana Muzzarella,1,0,1,0,1,2,Bicicleta eléctrica,1.5,0.0,50.0,50.0
ped0055,2026-09-15,completado,14000.0,u3333333-3333-3333-3333-333333333333,Carmen Díaz,rest4444-4444-4444-4444-444444444444,Green Bowl Belgrano,activo,Poke Bowl Vegano,1,0,1,1,1,3,Auto Eléctrico,1.5,0.0,100.0,100.0
ped0056,2026-09-16,completado,14000.0,u3333333-3333-3333-3333-555555555555,Lucía Fernández,rest4444-4444-4444-4444-444444444444,Green Bowl Belgrano,activo,Poke Bowl Vegano,1,0,1,1,1,3,Bicicleta,1.5,0.0,100.0,100.0
ped0057,2026-09-17,completado,18000.0,u3333333-3333-3333-3333-555555555555,Lucía Fernández,rest2222-2222-2222-2222-222222222222,Sushi Bio Chacarita,activo,Rolls Eco Combo (15 pzas),1,1,1,2,1,5,Bicicleta,1.5,0.0,200.0,200.0
ped0058,2026-09-18,completado,12500.0,u3333333-3333-3333-3333-777777777777,Sofía Benítez,rest1111-1111-1111-1111-111111111111,Pizzería Verde Colegiales,activo,Pizza Vegana Muzzarella,1,0,1,0,1,2,Bicicleta eléctrica,1.5,0.0,50.0,50.0
ped0059,2026-09-18,completado,14000.0,u3333333-3333-3333-3333-666666666666,Santiago Rossi,rest4444-4444-4444-4444-444444444444,Green Bowl Belgrano,activo,Poke Bowl Vegano,1,0,1,1,1,3,Moto Eléctrica,1.5,0.0,100.0,100.0
ped0060,2026-09-19,completado,14000.0,u3333333-3333-3333-3333-666666666666,Santiago Rossi,rest4444-4444-4444-4444-444444444444,Green Bowl Belgrano,activo,Poke Bowl Vegano,1,0,1,1,1,3,Bicicleta eléctrica,1.5,0.0,100.0,100.0
